{"project":{"pid":"__VIA_PROJECT_ID__","rev":"__VIA_PROJECT_REV_ID__","rev_timestamp":"__VIA_PROJECT_REV_TIMESTAMP__","pname":"Unnamed VIA Project","creator":"VGG Image Annotator (http://www.robots.ox.ac.uk/~vgg/software/via)","created":1574343199772,"vid_list":["1"]},"config":{"file":{"loc_prefix":{"1":"","2":"","3":"","4":""}},"ui":{"file_content_align":"center","file_metadata_editor_visible":true,"spatial_metadata_editor_visible":true,"spatial_region_label_attribute_id":""}},"attribute":{"1":{"aname":"screws","anchor_id":"FILE1_Z0_XY1","type":3,"desc":"","options":{"0":"cyl","1":"hex","2":"sunk"},"default_option_id":""},"2":{"aname":"cables","anchor_id":"FILE1_Z0_XY1","type":3,"desc":"","options":{"0":"grey","1":"white","2":"black"},"default_option_id":""}},"file":{"1":{"fid":"1","fname":"Client_0000000001_Cam_0000000001_Pic_2019_11_10__14_42_15.png","type":2,"loc":2,"src":"https://inventocam.com/images/Client_0000000001_Cam_0000000001_Pic_2019_11_10__14_42_15.png"}},"metadata":{"1_yL69hM3y":{"vid":"1","flg":0,"z":[],"xy":[3,589.489,217.226,44.214],"av":{"1":"0"}},"1_iIESeUQH":{"vid":"1","flg":0,"z":[],"xy":[3,596.496,77.08,46.1],"av":{"1":"0"}},"1_qLcXrEX8":{"vid":"1","flg":0,"z":[],"xy":[8,1690.511,223.358,1588.905,68.321,1566.131,162.044,1595.912,122.628],"av":{"2":"0"}}},"view":{"1":{"fid_list":["1"]}}}